obs_times,source_counts,compare_counts,test_counts,source_relative_flux,test_relative_flux
2025-06-29 04:06:10.600,18558.201661249717,211601.0675051621,91160.14985802108,0.08770372418275717,0.43081138924687695
2025-06-29 04:06:27.950,18742.59397249266,214907.96283582173,93380.67187598535,0.08721218946554814,0.43451471338604253
2025-06-29 04:06:45.140,18950.762772670958,213356.7400423544,93342.49133941298,0.08882195504538061,0.4374949266701542
2025-06-29 04:07:02.390,18296.416289863104,211904.3377081088,90269.44094294056,0.086342811514627,0.42599147294135964
2025-06-29 04:07:19.600,18892.034556594608,214531.27427500696,91804.26440495912,0.08806191367873464,0.4279295161752292
2025-06-29 04:07:36.880,18245.018124647042,212354.42782715036,91389.19647861934,0.08591776640277027,0.4303616242605838
2025-06-29 04:07:54.100,18836.5443151709,215533.7624812454,91668.64430356243,0.08739486611435161,0.4253099061987513
2025-06-29 04:08:11.390,18638.707240056763,213805.09277078015,91660.95470837737,0.08717616123409777,0.4287126818192625
2025-06-29 04:08:28.610,19202.797581911793,212646.44572923065,93282.06289997205,0.09030387277840192,0.43867209997363893
2025-06-29 04:08:45.820,19275.29264663643,215842.50302359802,92342.15794087571,0.08930258117201813,0.42782193797474616
2025-06-29 04:09:03.140,19086.09206547055,214501.50176903562,92676.88715199158,0.08897882722528204,0.43205705502137404
2025-06-29 04:09:20.430,19115.997809356202,213818.47400949098,92070.25246573475,0.08940292880636536,0.4306000821128671
2025-06-29 04:09:37.710,19803.471479908072,215582.472026992,94729.3259473444,0.09186030428962044,0.4394110757551932
2025-06-29 04:09:54.930,19378.285036428486,213568.43692587456,92285.1695264891,0.09073571598575829,0.43211052557602175
2025-06-29 04:10:12.160,18914.88027356219,213158.05377952172,92242.13035588313,0.08873640914889681,0.4327405355806683
2025-06-29 04:10:29.420,20067.612935625482,213309.40291387794,91826.59941254742,0.09407748866901863,0.43048547395550923
2025-06-29 04:10:46.740,19718.862842486506,214097.38988155167,92906.91315816023,0.092102303785188,0.43394696782413145
2025-06-29 04:11:04.090,19298.12609667576,214711.58128794498,93683.69945215335,0.08987929752515524,0.43632345721731797
2025-06-29 04:11:21.310,19390.82134344548,213682.38049210678,93194.56478179697,0.0907460002026782,0.43613593487292457
2025-06-29 04:11:38.510,20945.302923431278,213451.53978457986,93549.23304490618,0.09812673614146683,0.43826918812259774
2025-06-29 04:11:55.750,19915.63071932766,214687.55666056683,93568.92898746443,0.09276564990124415,0.43583769102837294
2025-06-29 04:12:13.040,19714.147124303847,212833.89236318826,91748.41031950223,0.09262691625571945,0.43107988723402696
2025-06-29 04:12:30.400,20184.09176516083,213970.54386435414,92518.41814568226,0.09433117007898274,0.4323885730941263
2025-06-29 04:12:47.670,21151.393301553577,213999.67258241816,93180.63548842733,0.09883843767755063,0.43542419651385433
2025-06-29 04:13:04.880,21333.432513684304,213829.8318215274,92971.673385812,0.0997682705539899,0.4347928097488783
2025-06-29 04:13:22.050,20233.617022369144,214315.48083999462,91926.27717396244,0.09441043149596515,0.42892971060076385
2025-06-29 04:13:39.330,21220.646121970825,215633.98632205388,93153.35111020313,0.09841048938490311,0.43199753758239506
2025-06-29 04:13:56.670,22189.222488387775,213407.95596540772,93332.71315394275,0.10397561041250275,0.43734411274278584
2025-06-29 04:14:13.900,21692.494424513614,213823.44757207646,93720.81149758177,0.10145049418493461,0.4383093274463737
2025-06-29 04:14:31.170,21493.305474125445,213536.07812524072,92898.30567516058,0.10065421104868022,0.4350473535468556
2025-06-29 04:14:48.440,21867.502863123405,211454.70099073282,92459.00435624103,0.10341459783427452,0.43725206355328616
2025-06-29 04:15:05.770,22978.304050162325,214057.00740464142,92276.76267435685,0.10734665652278985,0.4310849889624123
2025-06-29 04:15:23.230,21848.395740884607,215310.48028117412,91766.19831568125,0.10147390741199765,0.42620404819980756
2025-06-29 04:15:40.490,23080.339941947124,213690.8658473593,92397.47286277793,0.1080080791026115,0.4323884996038062
2025-06-29 04:15:57.690,23560.048373306017,212878.7017370837,92320.84354362094,0.11067358162679847,0.43367815939446114
2025-06-29 04:16:14.860,24218.872714896454,216602.80298305515,93250.99618398775,0.11181236983711193,0.430516110132161
2025-06-29 04:16:32.090,22939.45500869547,211924.27059575333,90830.88973776397,0.10824364261917221,0.428600695344727
2025-06-29 04:16:49.320,24011.790282518996,209463.73764127586,92030.039862281,0.11463459285559581,0.43936024869321355
2025-06-29 04:17:06.580,24246.865569519156,213149.9349564073,91448.04062570252,0.11375497522191617,0.4290315202038657
2025-06-29 04:17:23.850,24759.356186315985,213350.8195519941,92884.90342351582,0.11604996989609441,0.43536229960850725
2025-06-29 04:17:41.320,25487.966116256925,214108.25185996623,93491.97034976873,0.11904242781323013,0.43665748301431895
2025-06-29 04:17:58.660,25558.273426737822,213358.63607548762,91630.6799149225,0.11979019877918204,0.42946787437515765
2025-06-29 04:18:15.870,26562.63492477021,215079.04634412064,92358.74536768923,0.12350173285718737,0.4294176812552802
2025-06-29 04:18:33.020,26604.34861830507,215389.5759266501,93234.06893419058,0.12351734527470844,0.4328624936145517
2025-06-29 04:18:50.260,26621.46916557943,210587.36023933697,92992.28902204533,0.12641532300572822,0.4415853302703336
2025-06-29 04:19:07.510,26430.78697557156,213127.4925691014,92710.85223728474,0.12401397237384576,0.4350018438246558
2025-06-29 04:19:24.750,28146.57295436088,214612.77826941613,93191.3089649305,0.1311504989652891,0.4342300105166242
2025-06-29 04:19:42.020,27502.37885337154,212838.51642449753,92761.92192509031,0.1292171140608742,0.4358324023462019
2025-06-29 04:19:59.220,28109.63722274243,213852.88277189422,93645.60735387138,0.13144380781027637,0.4378973345604057
2025-06-29 04:20:16.490,28492.532507887663,215549.60202260755,92390.48143079336,0.13218550273592838,0.42862747397280343
2025-06-29 04:20:33.700,28922.82524316229,213024.68779110815,92038.34956970744,0.13577217524911475,0.4320548501869425
2025-06-29 04:20:50.900,29151.051122084347,212939.49067508985,92548.99384973483,0.13689828518733516,0.4346257876184609
2025-06-29 04:21:08.190,28933.20858264953,210716.52290531335,91168.94608991782,0.13730868459542125,0.43266159118848546
2025-06-29 04:21:25.450,28276.927344131756,212309.25802693982,92405.47354754202,0.1331874436702318,0.43523996271428134
2025-06-29 04:21:42.690,29299.619232804722,216918.92641122808,92628.91820738936,0.1350717510802143,0.4270209139417663
2025-06-29 04:21:59.910,28777.133716207634,213714.67952136783,92164.2715075455,0.13465211552456982,0.43124913887036315
2025-06-29 04:22:17.240,29516.45948104821,213732.8233790563,93301.7941774389,0.13809979681361628,0.43653470113931764
2025-06-29 04:22:34.550,29369.37102047175,213024.9433046566,92510.80087092129,0.1378682259685866,0.4342721534661667
2025-06-29 04:22:51.760,30237.010472041668,212007.2445741339,92110.37010385588,0.14262253411566087,0.4344680309811162
2025-06-29 04:23:09.040,29601.495005224173,212714.9871346724,91964.30647213239,0.13916036384631006,0.4323358109878204
2025-06-29 04:23:26.260,30571.427679451182,213383.6048583899,92892.65182599612,0.1432698060365961,0.4353317204836027
2025-06-29 04:23:43.480,30132.878096190507,212785.38913762994,91337.47956600283,0.14161159381436905,0.429246951288209
2025-06-29 04:24:00.760,30176.7345268061,215012.33304029686,92824.21690162673,0.14034885394760346,0.4317157792256965
2025-06-29 04:24:17.980,30035.50867211768,214116.4985490947,92040.04430633038,0.14027647974651916,0.429859655514713
2025-06-29 04:24:35.230,30006.307201797066,212875.54373174964,93023.7647174241,0.1409570431425831,0.43698662179177294
2025-06-29 04:24:52.460,29563.791843109386,215893.3413762416,92259.24711048612,0.1369370248042434,0.4273371588135463
2025-06-29 04:25:09.750,30154.87752165539,215244.9906900602,92662.49821849607,0.14009560652250716,0.4304978151706419
2025-06-29 04:25:27.070,29557.87779198597,213834.22568570537,92395.11885484835,0.13822800207591787,0.43208760692337045
2025-06-29 04:25:44.310,29212.189702598353,214582.1854190753,91039.07762676597,0.13613520453968464,0.42426204882277724
2025-06-29 04:26:01.570,28668.294494135473,213090.6450950813,91774.82908642659,0.13453567837923455,0.43068445846356396
2025-06-29 04:26:18.870,29657.67288922544,212451.50378508164,90563.89542579804,0.13959737804081387,0.4262803219195544
2025-06-29 04:26:36.100,30055.24071217404,212562.80408349432,93006.18341501013,0.1413946378895547,0.43754684087850787
2025-06-29 04:26:53.370,30172.870969017647,211782.41915197117,93481.74069293778,0.14247108466244382,0.44140463154241805
2025-06-29 04:27:10.550,30325.911719665226,213573.68722781428,93377.91390166747,0.14199273381143274,0.43721637769948385
2025-06-29 04:27:27.800,29497.365069823365,213314.8390127446,91121.01118107738,0.13828088662908739,0.4271667719076651
2025-06-29 04:27:44.970,27520.23942298037,209176.81347774257,90650.63237409976,0.13156448348855193,0.433368454500075
2025-06-29 04:28:02.150,29106.508548543792,210772.19841492327,92781.47685894917,0.13809462902334546,0.4401978892695365
2025-06-29 04:28:19.400,30021.809263919415,214187.78306498344,93690.50367126979,0.14016583408406144,0.4374222578457922
2025-06-29 04:28:36.660,28535.14214086764,211577.36112929982,92514.99036331821,0.1348685983630789,0.43726318292995514
2025-06-29 04:28:53.890,30003.57965712868,214256.4840699517,93413.6128964045,0.14003580702525176,0.435989665852569
2025-06-29 04:29:11.140,28078.912474111596,213181.00915213441,92171.73711420267,0.1317139485631826,0.43236373390288846
2025-06-29 04:29:28.440,29058.52430772218,212837.27301458523,92039.23867221554,0.13652930192227594,0.43243947532586696
2025-06-29 04:29:45.890,29463.228458559533,210108.1080428859,91889.40492523968,0.14022889803255803,0.4373434503845221
2025-06-29 04:30:03.160,29180.7030229531,212846.38792036354,93429.49458477381,0.1370974781769426,0.4389526902365402
2025-06-29 04:30:20.510,29247.96509496356,213526.3318054707,92991.24102175023,0.13697591696376535,0.4355024517841117
2025-06-29 04:30:37.790,29369.097900640325,215825.7454749756,94087.67425342891,0.13607782443195865,0.43594277432642115
2025-06-29 04:30:55.090,27835.836978411095,213130.68224047375,91837.25271792941,0.1306045506249735,0.43089644227906204
2025-06-29 04:31:12.330,27758.261112235792,213427.5991456409,92014.86142309273,0.1300593794961533,0.43112915945000485
2025-06-29 04:31:29.560,27140.998311771236,210924.096043754,91909.76046069546,0.1286766131553842,0.4357480353578462
2025-06-29 04:31:46.830,27192.743679411105,212038.91280008233,92056.22697124889,0.1282441195359711,0.43414779747546955
2025-06-29 04:32:04.120,27846.924495218,212510.98521854734,91574.41794211211,0.13103757655906628,0.43091616110073805
2025-06-29 04:32:21.360,27648.092049445353,210899.86622498804,92131.22447935809,0.13109582544708853,0.4368481883296809
2025-06-29 04:32:38.620,26490.82900454896,210179.63351888896,90961.84247606849,0.12603899131914803,0.4327814305941955
2025-06-29 04:32:55.830,26733.665013157708,209168.7143677159,90139.8103489542,0.12780909943425034,0.4309430816240022
2025-06-29 04:33:13.080,26589.30380392776,211927.0737238449,91984.40551977741,0.12546440309261947,0.4340380108283816
2025-06-29 04:33:30.350,27091.677939510097,212037.32143779303,91993.25746619311,0.12776844074338198,0.4338540821134729
2025-06-29 04:33:47.570,26924.42446898709,213856.28260149964,92764.30905285175,0.12589961885364917,0.43376938907008405
2025-06-29 04:34:04.840,26853.395534909152,213824.2468754424,91616.45671499903,0.12558629775299468,0.4284661728207454
2025-06-29 04:34:22.160,26013.796562109415,212386.37991383966,90802.44686185385,0.12248335591323052,0.42753422747113234
2025-06-29 04:34:39.590,26262.803912035044,212361.67154475706,92592.96842587714,0.12367016948489187,0.43601544361719896
2025-06-29 04:34:57.000,25734.838368823745,209857.95316286318,93011.12268300749,0.12262979782735166,0.4432099011793225
2025-06-29 04:35:14.330,25599.833003888336,215305.95790126728,91795.6921583325,0.11889978918106686,0.4263499860994427
2025-06-29 04:35:31.710,25816.8697049447,213034.65511051702,93351.28348384729,0.1211862440481881,0.43819764176593234
2025-06-29 04:35:49.020,25640.49216868812,209206.14021615483,91173.46787838919,0.12256089683694747,0.4358068447904418
2025-06-29 04:36:06.310,25296.94797761807,213810.5880320192,92667.20294808033,0.11831475798490262,0.4334079233447642
2025-06-29 04:36:23.660,25049.718304558228,209410.1746589351,91233.44099912926,0.11962034960983405,0.43566861613921354
2025-06-29 04:36:40.970,24754.132347030478,210141.82915163532,92069.23772362858,0.11779726314825333,0.4381290393032258
2025-06-29 04:36:58.340,24761.251723554786,213459.0228606634,92001.59726211056,0.11600002375967886,0.4310035529496691
2025-06-29 04:37:15.710,24527.29965732179,210671.66213028904,91109.8331481276,0.11642429460756322,0.4324731301155306
2025-06-29 04:37:33.050,24791.418863120674,210817.01509689086,91251.25663268376,0.11759685930344196,0.43284578614655445
2025-06-29 04:37:50.480,24379.392686123545,211461.54054074443,91991.33249432141,0.11528996064145348,0.43502630435342216
2025-06-29 04:38:07.860,24839.277146652625,211698.25792902207,92290.68939535515,0.11733340363613529,0.43595393886660255
2025-06-29 04:38:25.210,23804.609353441752,212461.07623621944,91856.39319292307,0.11204221392051693,0.43234457256911796
2025-06-29 04:38:42.630,24112.181484671528,214062.5124984281,91396.46330739965,0.11264084123486398,0.42696155548520337
2025-06-29 04:38:59.970,22261.079146851956,207548.98847829964,89165.98653230461,0.10725698694108293,0.42961417054377693
2025-06-29 04:39:17.270,22712.368458656845,210324.38469442874,90285.54046859176,0.10798732867639038,0.4292680594300263
2025-06-29 04:39:34.570,23175.06895893709,213649.9572442301,91679.11749122887,0.10847214414578574,0.42910899058326296
2025-06-29 04:39:51.910,22984.74664233424,212556.87679463704,92087.63757020445,0.10813457079791908,0.43323763012934846
2025-06-29 04:40:09.190,23369.359990855348,216104.3770715756,92562.59356909926,0.10813922562575036,0.42832354820116275
2025-06-29 04:40:26.540,23105.424762521005,210758.8161245736,91656.83354735479,0.10962969515289,0.43488967737026485
2025-06-29 04:40:43.950,22596.03744193472,213194.68055222218,91249.41563996146,0.10598781068742381,0.4280098143331013
2025-06-29 04:41:01.310,23267.87301745244,214690.76752217315,91549.55385891689,0.10837854503943373,0.4264252017705498
2025-06-29 04:41:18.640,21966.615834602922,210603.95876843028,91957.432272694,0.10430295785064672,0.43663676984251687
2025-06-29 04:41:35.980,21472.192167096073,208918.58202246603,88795.27965750778,0.1027777996539679,0.42502336938108837
2025-06-29 04:41:53.290,21568.82301183504,211609.44465540518,90282.80118633332,0.10192750634055456,0.4266482591708234
2025-06-29 04:42:10.670,22126.15555661956,211241.46588682974,91161.55034271198,0.10474342934390259,0.431551400005673
2025-06-29 04:42:28.000,22496.766630783997,210687.10522732022,90718.85188596303,0.1067780897483554,0.4305856867133952
2025-06-29 04:42:45.360,22666.903781015193,210165.63400756748,90606.1100699396,0.10785257013141844,0.43111763013869875
2025-06-29 04:43:02.740,22425.80782944862,213685.62614594633,92454.54380041805,0.10494766650393177,0.4326661810058858
2025-06-29 04:43:20.040,22152.725734726046,213838.34853566755,91469.7491846793,0.10359566413800209,0.42775184998878923
2025-06-29 04:43:37.400,21771.661510958293,212142.43690785125,90813.8315784977,0.10262756395324757,0.428079515358564
2025-06-29 04:43:54.730,21568.791659237406,211647.29021728295,91263.40472770482,0.10190913210886986,0.43120516513115426
2025-06-29 04:44:12.050,20933.762342925234,212623.181576628,90211.00495471281,0.09845475073648469,0.42427643254035946
2025-06-29 04:44:29.450,21408.276499551925,213774.298999773,92773.8726834229,0.10014429517354964,0.4339804790262529
2025-06-29 04:44:46.770,21246.64038607351,215044.3998743316,92597.56756437276,0.09880117965633933,0.4305974376383912
2025-06-29 04:45:04.070,21438.816938096952,211773.42202036968,91540.78721293359,0.10123469098985818,0.4322581480698207
2025-06-29 04:45:21.420,20600.975737463104,211024.1764620772,91203.46875682333,0.09762377033214141,0.4321944067542108
2025-06-29 04:45:38.790,20651.390208676574,209421.3761801886,89793.25704474369,0.09861166317094523,0.4287683458229427
2025-06-29 04:45:56.130,21143.358607750783,214492.92829564115,92902.2551825679,0.09857368620847184,0.4331250261757736
2025-06-29 04:46:13.480,20832.93758590537,209954.1327722504,91706.75815700697,0.09922613720828292,0.436794250944737
2025-06-29 04:46:30.880,20535.24040622265,210986.1423573273,89273.22736965297,0.09732980648294925,0.42312365339359276
2025-06-29 04:46:48.240,20182.09985627539,211126.5761420444,89808.54981602145,0.09559241771010875,0.42537775895915125
2025-06-29 04:47:05.600,21433.56543267025,214729.75686746588,91649.41909285157,0.09981646580030981,0.42681284806473674
2025-06-29 04:47:22.940,20608.187897906275,214995.5753193131,92237.82129797417,0.09585400940135086,0.42902195154938344
2025-06-29 04:47:40.320,20680.939147255005,211056.6662218915,91514.85305680087,0.09798761402547876,0.43360323412191115
2025-06-29 04:47:57.680,20412.501244575742,210799.1267857734,90621.94124362471,0.09683389848820455,0.4298971377415624
2025-06-29 04:48:15.010,20333.0287589314,210932.81091603613,90345.14145334074,0.09639576067198555,0.4283124140857512
2025-06-29 04:48:32.310,19214.913247510725,209360.39198217864,91074.779677016,0.09177912338426628,0.4350143731330449
2025-06-29 04:48:49.540,19603.176203188472,210813.05275931815,90059.37775098893,0.09298843665799528,0.4272001973891449
2025-06-29 04:49:06.730,20542.056492602584,211599.8324219804,93252.99218367365,0.09707973894628062,0.4407044708698304
2025-06-29 04:49:24.010,19964.597601216235,209251.60518181795,93343.20208341528,0.0954095314292527,0.44608117582806456
2025-06-29 04:49:41.270,19579.80286013164,211554.24651109724,91623.56365268711,0.09255216183573307,0.43309725596966886
2025-06-29 04:49:58.560,19863.008635581893,211373.21451179538,90212.87495702028,0.09397126632841867,0.4267942613513411
2025-06-29 04:50:15.760,19134.962764081505,208039.17650362512,90808.85526231761,0.09197768942210784,0.43649882098401427
2025-06-29 04:50:33.050,19740.928504836775,212001.78321781592,91234.59672519437,0.09311680404383417,0.4303482515119114
2025-06-29 04:50:50.300,19587.244922430735,211397.84477636174,91097.14959621849,0.09265584019152194,0.43092752290161884
2025-06-29 04:51:07.650,18851.75277432338,207962.5122204105,87685.38105128342,0.09064976458037408,0.42164032409047575
2025-06-29 04:51:24.930,19106.41607312508,209575.09332783247,91735.8364070029,0.09116739861466958,0.4377229896469763
2025-06-29 04:51:42.220,19693.847802642264,211220.9207942161,90556.40592623543,0.09323814955730249,0.428728392934433
2025-06-29 04:51:59.400,19227.797162488117,211894.3297479697,90852.09375529223,0.09074238647800509,0.4287613258143957
2025-06-29 04:52:16.700,20126.021735538332,211502.4433133456,93383.32566762666,0.09515739591585323,0.44152362594354133
2025-06-29 04:52:34.050,19257.780400592215,209794.11701518024,91009.63121906584,0.09179371030312906,0.4338044961121602
2025-06-29 04:52:51.300,19654.360443386842,212208.01570883315,91391.61319659106,0.09261836965835561,0.43066993907519435
2025-06-29 04:53:08.550,19378.402852516443,208798.86179176497,91269.75083074065,0.09280894869935889,0.4371180477112176
2025-06-29 04:53:25.840,18881.82661281349,210824.47246175952,92061.9428390836,0.08956183498212418,0.4366757889351877
2025-06-29 04:53:43.110,18806.26472450337,208086.67781021082,89963.68138582558,0.09037707229703557,0.43233753516829443
2025-06-29 04:54:00.390,18676.077093130843,209299.1383225484,90195.80058941459,0.08923150493027528,0.4309420540968254
2025-06-29 04:54:17.620,18649.239267014502,208661.0186181121,89334.9720768066,0.08937577028292969,0.4281344578323274
2025-06-29 04:54:34.970,18664.748553594578,208587.18294709473,92264.67051776074,0.0894817614864123,0.44233144728342394
2025-06-29 04:54:52.250,18806.305243286646,208059.02118954548,91599.45446597497,0.09038928057896498,0.4402570671642554
2025-06-29 04:55:09.590,18682.408830901753,210572.8065852765,91014.43794752684,0.08872184938721356,0.4322231318632701
2025-06-29 04:55:26.980,19164.177370141486,210779.4448021056,89461.48684090187,0.09092052305258773,0.4244317415528565
2025-06-29 04:55:44.340,18588.735380049056,209494.8570377087,89585.28385845674,0.08873122540045515,0.4276252177509616
2025-06-29 04:56:01.660,17429.179440469932,205833.20621096302,88292.35452139644,0.08467622771520344,0.4289509751449125
2025-06-29 04:56:18.990,18395.2716497969,210454.79832807544,89636.53883311752,0.08740723326783328,0.4259182472683954
2025-06-29 04:56:36.300,17519.830589101293,208905.32146801162,88742.63139454633,0.08386493204666401,0.424798328596598
2025-06-29 04:56:53.660,18565.22213994334,208845.0724717839,92677.06266836755,0.08889470994079404,0.44375987219372254
2025-06-29 04:57:11.020,18590.73353677946,208160.3624086047,90807.0333187322,0.08930967126338446,0.4362359493806229
2025-06-29 04:57:28.340,19372.228274699606,213210.36454458433,91802.73432753854,0.09085969303639874,0.43057350670371236
2025-06-29 04:57:45.580,18084.37058713883,208645.22826738196,91712.67428524606,0.0866752177239512,0.4395627690450457
2025-06-29 04:58:02.900,18768.24242738654,210371.40465051157,89370.52995265536,0.0892147982686434,0.42482261361103685
2025-06-29 04:58:20.230,17763.57211090527,209880.5818983376,88508.65933149483,0.08463656785318817,0.4217096147292313
2025-06-29 04:58:37.590,17884.110582345085,207614.06935805528,90828.6208674268,0.08614113021166113,0.4374877923652755
2025-06-29 04:58:54.960,18016.42447150422,206140.2972986308,90078.59975960835,0.08739884781190663,0.4369771507077702
2025-06-29 04:59:12.300,18181.991569951108,207960.71048573707,90629.50481364309,0.08742993581567954,0.43580109243692394
2025-06-29 04:59:29.620,17666.035471331787,208231.6211785911,89675.95010386806,0.08483838992052223,0.4306548140781987
2025-06-29 04:59:46.950,17920.730164805067,210724.96160680594,91392.90118226806,0.08504322424907382,0.4337070486827237
2025-06-29 05:00:04.340,17825.350783536913,207101.11838048857,89302.99253687628,0.08607076061650219,0.4312047816796807
2025-06-29 05:00:21.770,18910.40641080717,210520.46228477592,89995.91453924343,0.08982692801247331,0.4274924801252995
2025-06-29 05:00:39.190,18312.427052878375,208179.72971986956,90306.32726753186,0.08796450585040105,0.4337902032491333
2025-06-29 05:00:56.490,15663.718326274906,200103.55869888107,83126.98657476509,0.07827805976127547,0.41541983118778947
2025-06-29 05:01:13.690,18121.51398123464,209115.5603442948,89483.04137545371,0.08665789361345841,0.42791192213590357
2025-06-29 05:01:30.920,15688.220422030074,194204.1497192732,82603.0553319646,0.08078210710073794,0.4253413505909596
2025-06-29 05:01:48.340,18076.76122083816,203034.69686044523,88770.01220527099,0.08903286728998405,0.4372159713484172
2025-06-29 05:02:05.680,17992.394593934463,208448.74064766115,90991.89196687072,0.08631567903951423,0.4365192693616385
2025-06-29 05:02:22.980,17918.44720143112,210230.22520460567,90110.97192398245,0.08523249777234491,0.4286299547854374
2025-06-29 05:02:40.360,18196.917729609675,208532.33694178698,89558.17153049506,0.08726185107055819,0.42946898713121767
2025-06-29 05:02:57.800,17128.039716437135,205134.57992134744,87752.5920778582,0.08349659878409753,0.4277805921922293
2025-06-29 05:03:15.170,16901.268483386644,204723.06072698906,88309.40340535152,0.08255673993622799,0.43136031227628824
2025-06-29 05:03:32.440,18377.70540443113,211843.84895245766,90398.19932912404,0.08675118723204224,0.4267209068194911
2025-06-29 05:03:49.750,18035.122358091878,208296.232459616,89814.46414648944,0.0865840065618493,0.4311862153527067
2025-06-29 05:04:07.150,17478.371169292583,210216.62855181814,89778.37587674145,0.08314456991200478,0.42707551964478013
2025-06-29 05:04:24.530,18049.671484422783,209956.93238991077,88264.09722082928,0.08596844733329767,0.4203914403593692
2025-06-29 05:04:41.870,17884.202190130523,209180.94479303848,89261.110193399,0.0854963257185064,0.4267172150011706
2025-06-29 05:04:59.230,17873.523491512613,206540.8360024493,89118.5044108089,0.08653748012959847,0.43148128058197693
2025-06-29 05:05:16.590,17652.544872713108,207248.40227174043,90688.39673916649,0.08517578268018397,0.4375830922945185
2025-06-29 05:05:33.940,17214.92774838444,206312.80625435006,89045.71552518837,0.08344090733350426,0.4316053721619661
2025-06-29 05:05:51.320,17954.170709898364,211062.55252925307,90630.08519916702,0.08506563809991796,0.4293991715399432
2025-06-29 05:06:08.640,17743.066537206872,207976.841291357,89854.68099367834,0.08531270321752035,0.43204176212965917
2025-06-29 05:06:25.950,17444.17228360514,210616.84605863976,90144.41912803565,0.08282420238478147,0.42800194198586433
2025-06-29 05:06:43.300,17041.21801589657,206328.51534475572,88105.70180216615,0.08259264594339898,0.42701660337617287
2025-06-29 05:07:00.740,17525.637441571445,208895.5931801136,88113.333532949,0.08389663551428067,0.42180561203594213
2025-06-29 05:07:18.140,17780.131417717836,206834.3440755867,90261.17857324408,0.08596314841804108,0.4363935736913137
2025-06-29 05:07:35.350,16290.845401515944,206541.48430072702,88649.06687717457,0.07887444721660015,0.42920707758689486
2025-06-29 05:07:52.700,17553.39141295234,210369.39808392245,90734.90024725543,0.083440802573147,0.4313122586920111
2025-06-29 05:08:10.030,16884.21071914214,208130.15249040868,88427.1654803217,0.08112332844189991,0.4248647513213959
2025-06-29 05:08:27.460,18000.674023411066,211277.89817561605,92362.1745353454,0.08519903964800306,0.4371596619092317
2025-06-29 05:08:44.720,17431.7965099027,208941.8299229382,89170.07875662764,0.08342894534967883,0.4267698755654399
2025-06-29 05:09:02.050,17101.951527555095,208513.1719815777,87623.15677986557,0.08201856681296885,0.4202284006672113
2025-06-29 05:09:19.460,17154.575200668714,207956.28606012813,86430.66401247235,0.08249125585801562,0.41561938641028595
2025-06-29 05:09:36.820,17778.97118918488,208936.0162335477,90116.63528629116,0.08509289834123968,0.4313121160765275
2025-06-29 05:09:54.190,17432.37987032671,209468.53556141866,89171.88231772505,0.08322194941404615,0.42570537899033906
2025-06-29 05:10:11.530,16863.900445850206,207569.05504471326,88493.95972501667,0.08124477149167292,0.4263350320015372
2025-06-29 05:10:28.840,17232.171484311955,206989.50338294846,89562.81590216912,0.08325142677612472,0.43269254932444656
2025-06-29 05:10:46.230,16921.475065990264,211779.36471233267,90658.23307041808,0.07990143463210071,0.42807869026126477
2025-06-29 05:11:03.560,17244.2707011961,206684.2092899243,89594.31874800626,0.08343293742874601,0.43348410145028876
2025-06-29 05:11:20.830,16421.00855633264,207246.9081340019,89425.81608325594,0.07923403395584136,0.4314940902540988
2025-06-29 05:11:38.110,17277.51074246368,204918.77618600277,87877.65737811074,0.08431394655012507,0.42884141225958256
2025-06-29 05:11:55.380,17437.814090621898,210127.62381350482,89203.41353800308,0.08298677619891867,0.4245201650268222
2025-06-29 05:12:12.640,17219.372962284397,207528.6726750001,88790.4489104845,0.082973464535432,0.42784665736061744
2025-06-29 05:12:29.880,16471.119923874765,207592.80899564328,90175.956929676,0.07934340309553035,0.4343886349722668
2025-06-29 05:12:47.260,17968.214754528028,208204.46174895263,91059.09255455552,0.08630081509105035,0.43735418438992024
2025-06-29 05:13:04.540,17316.931737174913,207820.1824075887,90206.17840702283,0.08332651591659161,0.43405879718700935
2025-06-29 05:13:21.890,16344.202544531938,204692.44861593135,87989.74748622475,0.07984760871759808,0.42986318294194487
2025-06-29 05:13:39.170,15569.50662180745,203332.9819737111,84953.07778681119,0.07657147635704487,0.4178027438647153
2025-06-29 05:13:56.500,16436.93102142835,203014.40824983228,87477.73725187927,0.08096435697904181,0.4308942306411473
2025-06-29 05:14:13.860,17325.333863730008,209959.43252051313,87951.82962612767,0.0825175304378731,0.4188991586150088
2025-06-29 05:14:31.180,17099.742046608437,208959.35799312755,88915.90598860239,0.08183286075740541,0.42551770278470485
2025-06-29 05:14:48.510,17200.475380992837,204307.46691459193,89898.16695670504,0.08418916665529054,0.4400141038128861
2025-06-29 05:15:05.910,17193.504279862056,208400.88962952333,91630.88184430437,0.08250206757959214,0.43968565588754277
2025-06-29 05:15:23.210,17120.26524234094,205919.91213477342,90011.63741185638,0.08314040669916285,0.43711963781795066
2025-06-29 05:15:40.580,16929.675028279773,207620.5810591629,88964.19492627762,0.08154141049945114,0.42849410435339574
2025-06-29 05:15:57.880,16131.748261832094,204465.20118712104,85984.18773205178,0.07889728016391774,0.4205321357024532
2025-06-29 05:16:15.170,15647.136382145232,199186.71875026554,85541.32902419992,0.07855511893723774,0.42945297538361044
2025-06-29 05:16:32.580,16536.103248295556,207878.03647668666,87088.41011963793,0.07954713989301157,0.4189399303346067
2025-06-29 05:16:49.920,17289.824445806255,204590.36941440054,88697.07214031868,0.08450947371225223,0.43353493321409264
2025-06-29 05:17:07.230,16860.84061138872,207302.7559238669,89668.1533589665,0.08133437752067782,0.43254684656434395
2025-06-29 05:17:24.660,16897.647848495486,205863.0631128048,89091.63655997734,0.08208198009390467,0.4327713539905828
2025-06-29 05:17:42.010,17053.24162985815,206562.44611516822,88973.02244505586,0.08255731838279147,0.4307318397819962
2025-06-29 05:17:59.390,16889.092451832938,207116.02656277848,87649.83607302452,0.08154411192662447,0.4231919544210509
2025-06-29 05:18:16.730,16418.392971617614,204127.9058799671,86820.12406724559,0.08043188853008705,0.4253221708858281
2025-06-29 05:18:34.000,16895.144839338627,203555.70326341066,87780.28210534836,0.08300010546732516,0.4312346974221427
2025-06-29 05:18:51.360,17256.96867558948,206783.76274081777,88568.0640971735,0.08345417670544722,0.4283124696216331
2025-06-29 05:19:08.670,16902.922333810042,206379.78023035242,88619.68066542699,0.08190202700547365,0.4294009837907252
2025-06-29 05:19:26.050,17568.731747514514,207188.96049215886,89076.39549097963,0.08479569425794484,0.4299282899985917
2025-06-29 05:19:43.420,17178.533290199728,206844.3932792928,90193.85051420497,0.08305051453342667,0.43604687119761676
2025-06-29 05:20:00.690,17658.222495883907,208914.35857637183,88960.6757047614,0.0845237379384274,0.42582365477880957
2025-06-29 05:20:18.130,17048.413250217116,203173.50670352168,86402.52635252463,0.08391061180577443,0.4252647294147775
2025-06-29 05:20:35.540,17237.613272679737,201780.36405023764,90030.45350382896,0.08542760517761805,0.44618044935935347
2025-06-29 05:20:52.830,16958.771892225104,200899.4644622191,87109.88973798335,0.0844142214994025,0.4335994123785488
2025-06-29 05:21:10.210,17368.34242371787,206774.18045248365,88746.3291970245,0.08399666914752485,0.4291944429561807
2025-06-29 05:21:27.560,16977.20632587522,206378.96890171332,87564.43803715517,0.08226228872167933,0.4242895412412743
2025-06-29 05:21:44.920,16927.457691317784,203800.39062000316,87083.97357783979,0.08305900513645209,0.4273003271137618
2025-06-29 05:22:02.220,16456.39347008804,208885.82474774765,87529.05680755418,0.07878176266848613,0.4190282270865198
2025-06-29 05:22:19.500,17063.08245852727,210683.10495941585,87934.5678866119,0.08098932499506381,0.417378355533306
2025-06-29 05:22:36.800,17237.444409624946,206141.27803372598,88948.24123171251,0.08361956699814772,0.4314916550442655
2025-06-29 05:22:54.080,16640.762724429806,204441.95207675145,88348.23057566474,0.08139602735833075,0.43214335256639064
2025-06-29 05:23:11.380,17071.71546068396,204950.3270602894,89240.80075969588,0.0832968441941644,0.4354264862111895
2025-06-29 05:23:28.670,17051.688380541236,205540.47612577927,89311.7167901202,0.08296024560197358,0.43452130925038057
2025-06-29 05:23:46.000,17924.986794238168,208642.1997310233,89938.21087548013,0.08591256618913454,0.43106433401980226
2025-06-29 05:24:03.320,16725.046663570643,204921.05198478457,87207.8858876384,0.08161702519862372,0.4255682129433613
2025-06-29 05:24:20.690,17479.093680586935,205723.8692060243,90701.66333857665,0.08496385834101883,0.44089032395041394
2025-06-29 05:24:37.970,17863.716652930016,207163.4818581512,88227.41140413932,0.0862300463995949,0.42588303021741214
2025-06-29 05:24:55.300,17498.42127852505,207430.60590098338,89088.63267181558,0.08435795288028947,0.42948644094662614
2025-06-29 05:25:12.660,17895.031464117284,207016.58278686015,88544.24353774253,0.08644250244697367,0.42771570444144463
2025-06-29 05:25:29.970,17290.28256212408,207960.98989123013,89733.85328022398,0.08314195162836752,0.4314936821908642
2025-06-29 05:25:47.370,16566.533122474277,204798.12179184938,87758.57098150326,0.08089201686777187,0.4285125772330003
2025-06-29 05:26:04.740,17688.74771905817,202721.7570816232,86888.59782731319,0.08725628651657767,0.42861012590932046
2025-06-29 05:26:22.040,17607.653421155246,202758.06306723156,89836.77362983293,0.08684070638077071,0.44307374153620904
2025-06-29 05:26:39.380,17700.155002348416,204272.93320902108,88893.58973971273,0.08664953659933416,0.43517067260571857
2025-06-29 05:26:56.750,18124.22973653895,204222.22188310372,89420.71989752007,0.08874758862878895,0.4378598914113483
2025-06-29 05:27:14.080,18130.29403655559,204556.66860437853,89405.41913986605,0.0886321338739651,0.43706919823171353
2025-06-29 05:27:31.410,17594.849054657687,207012.17521594738,89498.92135196882,0.08499427164756564,0.43233650995941125
2025-06-29 05:27:48.730,18727.35301756854,204660.42605304508,89770.88965872863,0.09150451496037967,0.43863335667766706
2025-06-29 05:28:06.150,17645.486493104472,208614.06258360195,89276.16241795252,0.08458435771094316,0.4279489182670759
2025-06-29 05:28:23.480,17545.821207446403,202936.23407179047,86357.94854483355,0.08645977534617802,0.42554228395843624
2025-06-29 05:28:40.780,17744.936565394986,203285.49721936477,88268.36055013849,0.08729071580667891,0.4342088430188818
2025-06-29 05:28:58.100,17941.712381970636,205714.64440099132,88564.0807634144,0.08721650534026919,0.43051908638443837
2025-06-29 05:29:15.460,17887.44510601915,204029.64683576534,88483.3015121322,0.0876708134500558,0.4336786485905024
2025-06-29 05:29:32.800,18484.1817742708,207631.52066615885,86880.32042725723,0.0890239676276834,0.4184351207779675
2025-06-29 05:29:50.120,18328.32385742737,204998.62755513313,88312.79675070722,0.08940705640820976,0.4307970146139443
2025-06-29 05:30:07.430,18298.588246331703,205207.71134697634,87222.12019503178,0.0891710556402603,0.4250430923014968
2025-06-29 05:30:24.740,18659.624585162648,206423.6934476225,88417.72665413297,0.09039478111022803,0.4283312888041503
2025-06-29 05:30:42.110,18840.737684639513,204970.16444785168,88070.10793592731,0.09191941537146474,0.4296728168861572
2025-06-29 05:30:59.470,18392.438615032952,206482.87778024847,87790.80985609672,0.08907488510794244,0.4251723474598654
2025-06-29 05:31:16.790,18974.289520670547,203764.40913059888,89396.92526530658,0.09311876201358275,0.43872688879641064
2025-06-29 05:31:34.110,19041.92790338357,205828.93546488739,89157.14667764348,0.09251336727936367,0.4331613846045126
2025-06-29 05:31:51.430,18983.87258313613,207173.49952431707,89057.45439722035,0.09163272632225769,0.42986894849824747
2025-06-29 05:32:08.770,19345.545590517722,204026.04595289082,89948.03820804981,0.09481899970254076,0.44086546787667796
2025-06-29 05:32:26.030,19343.530592277042,205644.71251677017,88119.18785148318,0.09406286383706361,0.4285020838758357
2025-06-29 05:32:43.330,19031.46355198693,205980.8530458646,88628.62132263999,0.09239433311672565,0.43027601843607055
2025-06-29 05:33:00.680,19039.531903931886,201614.5976612951,88346.62146742808,0.09443528457159427,0.4381955597076709
2025-06-29 05:33:18.010,19468.094979021305,206071.49236984947,87863.27718233046,0.09447252870902051,0.4263727901996105
2025-06-29 05:33:35.330,19421.997686542953,204478.4742463963,88198.93221364234,0.09498309178079777,0.4313360246778971
2025-06-29 05:33:52.630,20743.744602068626,207745.97441804217,88773.80788735992,0.09985148766505816,0.42731902813540223
2025-06-29 05:34:10.030,20851.906605432985,205961.87664876634,89315.7422265141,0.1012415838538529,0.4336518178984513
2025-06-29 05:34:27.370,20218.929669895944,206308.45220114588,90825.80247154005,0.09800339954168705,0.44024276030623816
2025-06-29 05:34:44.700,21212.027377579878,205088.93082537357,88972.43934035703,0.10342843610434158,0.43382370263617065
2025-06-29 05:35:02.090,21182.28605227395,202783.82614590024,88885.09490379598,0.10445747303847389,0.4383243801694734
2025-06-29 05:35:19.420,21200.220088107093,206293.36070217553,88852.08581013468,0.1027673407226795,0.4307074425842037
2025-06-29 05:35:36.780,21613.81570174248,208261.59727820268,89580.27843167353,0.10378205096002426,0.4301334456395687
2025-06-29 05:35:54.110,21474.354258001946,206791.3479882631,88557.04249351806,0.10384551610554214,0.4282434606429681
2025-06-29 05:36:11.400,21973.346988986337,203520.475073702,89994.18390195616,0.107966272096353,0.44218737141492065
2025-06-29 05:36:28.750,21901.33188548406,208218.98086336916,86999.75684200285,0.10518412776141411,0.41782817532418465
2025-06-29 05:36:46.070,22899.55114593533,203519.4727487795,87246.82639843281,0.11251774012898556,0.428690312627375
2025-06-29 05:37:03.460,22066.876987982134,202481.55274963396,88718.36569981932,0.10898216004530331,0.43815530103879896
2025-06-29 05:37:20.870,23378.84921186691,205096.41114935337,88454.06104155575,0.11398955779310144,0.43128039416127356
2025-06-29 05:37:38.220,23297.123611845585,203323.31474769214,88265.92992662455,0.11458166340026199,0.43411612699780866
2025-06-29 05:37:55.480,24098.094924480578,203804.03525030674,89252.45494663235,0.11824150044371758,0.4379327172644783
2025-06-29 05:38:12.810,24421.979653540766,203203.25605976416,88759.21210315899,0.1201849819097289,0.43680014692802954
2025-06-29 05:38:30.150,24152.43205643556,205734.44326323475,88263.48626290442,0.11739615240571465,0.42901657526529163
2025-06-29 05:38:47.580,25084.309191480184,205740.7234455395,89683.38227797559,0.12192194511321486,0.43590486499730413
2025-06-29 05:39:04.900,25728.57098782438,204073.91986537742,89043.31542960776,0.1260747625409307,0.4363287356284794
2025-06-29 05:39:22.200,25303.63778048415,202951.0246489148,88786.20477766442,0.12467854165435696,0.4374760114232277
2025-06-29 05:39:39.450,26115.612063511966,204541.48030525132,87558.00079917857,0.1276788063943697,0.4280696544706225
2025-06-29 05:39:56.730,26458.51374528952,207350.14150463569,87530.17248653223,0.1276030657770156,0.42213702798256997
2025-06-29 05:40:14.180,25906.89516482316,204901.716821583,87216.62655259177,0.1264357154575793,0.4256510287248357
2025-06-29 05:40:31.530,27247.70013921592,204372.03401733376,88155.59927826785,0.13332401505043942,0.43134864171675735
2025-06-29 05:40:48.850,27017.751433300924,204524.78614078503,88947.86785201715,0.13210013291349051,0.43490018755374577
2025-06-29 05:41:06.120,26618.47707529025,203045.09598946286,87360.76216274918,0.13109638007052202,0.4302530023541313
2025-06-29 05:41:23.490,26968.683461633325,201559.3007526106,89089.5855740049,0.13380024320849418,0.4420018587152744
2025-06-29 05:41:40.780,27292.748614255815,204528.00865429314,89419.6104702786,0.13344259690313534,0.4371998292978131
2025-06-29 05:41:58.080,27313.30789497488,203421.46081949878,88653.0166214421,0.13426954946120803,0.43580955649564557
2025-06-29 05:42:15.410,26942.65244177234,205297.74934187773,88373.3788452643,0.13123695962640752,0.4304644309475507
2025-06-29 05:42:32.760,27455.602947756754,206524.60041887814,88406.52880474541,0.1329410776830975,0.42806778768939474
2025-06-29 05:42:50.150,27533.85038279218,202618.50307034294,87492.63489916704,0.13589010858121517,0.4318096993777132
2025-06-29 05:43:07.490,27463.666439516208,203451.43220545957,86559.7978995655,0.13498880859084572,0.4254568127696999
2025-06-29 05:43:24.820,27616.847666521713,204137.74294317362,88792.01233014304,0.1352853581525563,0.43496127198222384
2025-06-29 05:43:42.170,27774.24770425297,199157.9031732332,87502.59962575065,0.13945842601131495,0.4393629287693313
2025-06-29 05:43:59.490,27972.02498771897,203390.52171731956,89361.0409015683,0.13752865547292137,0.4393569579695848
2025-06-29 05:44:16.820,28176.309193321275,201271.77715935663,88978.87189784835,0.13999135691544434,0.442083202889392
2025-06-29 05:44:34.150,27227.67253707613,203032.8123893396,88185.30201435136,0.13410478935229359,0.4343401491441961
2025-06-29 05:44:51.440,27893.663282697613,203190.00527092555,87579.494508276,0.13727871725533597,0.43102264991578176
2025-06-29 05:45:08.790,28591.469187322306,204795.06968121484,88846.6461482982,0.13961014409100742,0.4338319583894153
2025-06-29 05:45:26.160,27939.475999233655,202276.24990455015,88042.16968119922,0.1381253410245528,0.43525707898354077
2025-06-29 05:45:43.500,28020.895346283025,203494.45390758204,88828.22522941962,0.13769857019793202,0.436514231831406
2025-06-29 05:46:00.890,27564.340304268895,201035.2417305617,88103.06575454332,0.13711198129734942,0.4382468715242664
2025-06-29 05:46:18.190,26906.42470942039,202196.27231189207,87967.21816849051,0.1330708247079682,0.43505855554448203
2025-06-29 05:46:35.540,27457.953592389174,204567.2752230177,87175.87016494927,0.13422456530476207,0.4261476820762793
2025-06-29 05:46:52.850,28585.698493902793,200734.16749775372,88154.86318214332,0.1424057441253626,0.43916222275975914
2025-06-29 05:47:10.200,27951.673907800778,202047.46116848354,87037.98521281981,0.1383421189563595,0.4307799004721989
2025-06-29 05:47:27.600,28065.228710269002,204176.9297346612,88119.27905057385,0.13745543508143288,0.4315829372353162
2025-06-29 05:47:44.920,27547.31994970221,201133.99750714895,86619.00170842456,0.13696003803992954,0.4306532102080149
2025-06-29 05:48:02.170,27281.790566656047,202606.921965478,87680.01747089616,0.1346537931774343,0.43275923951816353
2025-06-29 05:48:19.590,26448.028877103294,199761.82999088397,86082.92509485077,0.1323978103239755,0.430927795859595
2025-06-29 05:48:36.980,27371.68645951353,201110.91706491762,85904.85702328334,0.13610243968346125,0.42715163491375097
2025-06-29 05:48:54.340,26939.23152883249,201315.76591141237,85771.90616351101,0.13381580626271922,0.4260565772143964
2025-06-29 05:49:11.660,27604.72206602905,203302.2374045065,86502.71247422787,0.1357816933962437,0.42548824635960647
2025-06-29 05:49:29.030,26695.24158286083,198376.25757201447,87846.84814560178,0.1345687327182787,0.4428294455232963
2025-06-29 05:49:46.390,26228.2206141879,199439.13560834876,85908.1444689743,0.13150989916890693,0.43074868032760405
2025-06-29 05:50:03.700,25944.464416316256,201888.63715197414,86267.06968527488,0.12850878970858692,0.42730027257718467
2025-06-29 05:50:21.010,26438.95696790932,200337.2108409058,86313.28809024056,0.13197227243472676,0.4308400208226154
2025-06-29 05:50:38.260,26013.95658547961,198534.4352819671,86863.47134502183,0.1310299472659918,0.4375234513934805
2025-06-29 05:50:55.500,25561.466116069478,202146.89105740283,86756.54312103792,0.12644995914783025,0.4291757477309014
2025-06-29 05:51:12.740,25849.065128326067,200253.84189136006,85678.75391737644,0.12908149418850837,0.4278507373848943
2025-06-29 05:51:29.940,25160.107988397573,199784.79819615048,86274.57897738798,0.12593604826577023,0.43183755599203716
2025-06-29 05:51:47.310,24760.274208447267,198287.03470470052,86194.00907989043,0.12487086836172405,0.4346931165129131
2025-06-29 05:52:04.710,24809.93569885503,197299.46347762895,84254.53397139511,0.12574760854161238,0.4270388397733703
2025-06-29 05:52:21.990,25588.947007369257,201988.91653226782,87686.49223260593,0.12668490651209277,0.43411536503092224
2025-06-29 05:52:39.270,25281.123405213017,199139.719962165,87286.50527321508,0.12695168703670084,0.4383179070945708
2025-06-29 05:52:56.540,23708.22491151921,198838.2174567372,85093.96545212832,0.11923374296330932,0.42795578506251136
2025-06-29 05:53:13.910,25324.895875483002,198124.99934288196,85744.04034254639,0.12782281872291576,0.4327774921233175
2025-06-29 05:53:31.310,24493.952503219843,199664.31662983968,84664.5656467927,0.12267566341676117,0.42403453494273324
2025-06-29 05:53:48.720,24576.221369857267,196302.79124388442,85649.61008336626,0.12519547589786453,0.4363137657933561
2025-06-29 05:54:06.130,24675.14403043161,198655.3290058957,85513.28075143212,0.12421083367816073,0.43046054278712176
2025-06-29 05:54:23.380,24494.033269745858,197337.76993555756,85788.62802047216,0.12412237798037652,0.4347298950854021
2025-06-29 05:54:40.570,22889.724659539537,198722.51241602935,85457.28827137311,0.11518435622240657,0.4300332520578577
2025-06-29 05:54:57.830,23569.152755284955,196850.98610739247,84272.11438308762,0.11973093567551017,0.4281010527278375
2025-06-29 05:55:15.100,23473.227604185267,197939.62532560554,85364.22646064965,0.11858781467112721,0.4312639589987488
2025-06-29 05:55:32.540,24132.350197269036,198902.6598748031,86481.28857470491,0.12132743831811428,0.4347920165026427
2025-06-29 05:55:49.770,22576.785634671767,193789.99142980325,84041.84352907987,0.11650129848346569,0.4336748400111387
2025-06-29 05:56:07.060,23335.773924162873,198104.36023165187,85744.02209792509,0.1177953574412767,0.4328224880949665
2025-06-29 05:56:24.330,23074.670010277154,196621.35783886502,86439.84963091277,0.11735586745966473,0.4396259418661521
2025-06-29 05:56:41.640,22583.187485997885,200657.3418815058,84523.96806495194,0.11254603133003695,0.4212353620973704
2025-06-29 05:56:59.070,23449.629281979876,198889.87938054555,86196.27271816693,0.11790257681796154,0.4333869223845396
2025-06-29 05:57:16.470,22016.300846387698,196392.72923171514,83624.72725219965,0.11210344157095364,0.4258035803022754
2025-06-29 05:57:33.770,21896.26136138176,198037.71996445017,84304.21857619425,0.11056611520932662,0.4256977841965043
2025-06-29 05:57:51.100,21975.690498808617,197938.84074437368,85457.24222477064,0.11102262909172497,0.43173559016208257
2025-06-29 05:58:08.510,22396.44129355514,198271.2771167829,86153.86329997139,0.11295857685106608,0.4345251846500503
2025-06-29 05:58:25.770,22817.950503978027,198428.85336812303,87217.83336535914,0.11499310768906383,0.43954209221555884
2025-06-29 05:58:43.070,21404.253888387542,199292.00347625426,85336.75282576203,0.10740146877462582,0.428199583210723
2025-06-29 05:59:00.320,20925.110512846724,198093.74137852038,85695.67611370534,0.10563236560241811,0.43260163353650233
2025-06-29 05:59:17.630,21677.715053472377,195965.39982244937,85683.6715418743,0.11062011494433736,0.43723877592425153
2025-06-29 05:59:35.030,21383.087425434853,196757.41592863895,85793.59898281239,0.10867741540776378,0.43603743512228516
2025-06-29 05:59:52.430,21006.34718787092,198356.95723036228,85853.18255946589,0.10590174139178367,0.4328216350876975
2025-06-29 06:00:09.710,20688.845950900944,196146.61201902514,84744.55215317842,0.10547643794578639,0.4320469840435412
2025-06-29 06:00:27.020,21462.535759664526,198512.0120315331,85860.89982095745,0.10811706324479378,0.4325224400391382
2025-06-29 06:00:44.290,21344.33015832734,198706.44922013968,85597.92249047797,0.10741639359012817,0.4307757640802445
2025-06-29 06:01:01.650,20069.48082376812,196701.99745808687,84600.92905181494,0.10202987810555667,0.4300969494213786
2025-06-29 06:01:19.020,20666.10732020058,197511.6788075517,85947.10437727504,0.10463233083212711,0.4351494802543743
2025-06-29 06:01:36.310,21559.695435011632,197107.060469578,85150.22314643025,0.10938063498917235,0.43199986313819816
2025-06-29 06:01:53.600,20382.717764444256,198737.1130163455,84025.30311002798,0.10256120487554754,0.4227962348588467
2025-06-29 06:02:10.880,21033.84797516771,196551.3367180503,85204.50320637482,0.10701452519420117,0.4334974497202189
2025-06-29 06:02:28.080,20112.297595782504,198921.43650678324,85170.61542313782,0.10110673816241354,0.42816207704308173
2025-06-29 06:02:45.330,19897.03874259999,199617.62703029605,85197.27887114265,0.09967576029535813,0.42680238282870797
2025-06-29 06:03:02.560,20551.10925124895,194445.35726119278,86057.43283526947,0.10569092284185136,0.4425790054718099
2025-06-29 06:03:19.830,20015.316618009372,198776.5961678027,84613.67866063921,0.10069252117142048,0.42567223854266156
2025-06-29 06:03:37.060,19604.822858463518,198796.5795325095,84447.228587422,0.09861750591768866,0.4247921608410381
2025-06-29 06:03:54.320,19710.15092678192,196855.87238888108,86228.79583867764,0.10012478006165489,0.4380300917228216
2025-06-29 06:04:11.530,19269.397843987033,197937.5314897979,85070.9242026722,0.09735090510098747,0.4297867289865486
2025-06-29 06:04:28.830,19395.424395299342,199846.4732266382,85905.259537459,0.09705162208844055,0.42985626991794423
2025-06-29 06:04:46.040,19640.063815283953,196359.90895681747,84994.95519897126,0.10002074211392664,0.432852895738829
2025-06-29 06:05:03.320,18452.826361645337,192299.87601417553,83130.77394396107,0.09595859729147757,0.4322975951260261
2025-06-29 06:05:20.560,19972.545279730624,196604.909835109,84898.49323287727,0.1015872151742367,0.4318228537836668
2025-06-29 06:05:37.810,19473.728891735293,198135.32897638378,85117.25629317875,0.0982849903262654,0.42959151572269116
2025-06-29 06:05:55.020,19679.786488714642,196963.87399687368,84551.91152338192,0.09991571596031368,0.42927624141229054
2025-06-29 06:06:12.270,19266.965964918072,199313.97024796414,85073.58241315307,0.09666640999097188,0.42683200935345394
2025-06-29 06:06:29.510,19460.641094607967,194868.91188390565,84882.97887249701,0.09986529357849426,0.435590151614674
2025-06-29 06:06:46.760,19117.263517438914,198811.36562944824,85257.28537431208,0.09615779991708501,0.42883506737345023
2025-06-29 06:07:03.980,19664.703144541134,194707.29498540986,84489.36702691742,0.10099623204161243,0.43393015671677077
2025-06-29 06:07:21.200,18844.73436107755,197257.945507086,84713.26689090152,0.09553346159331565,0.42945426950043136
2025-06-29 06:07:38.430,16494.161318488194,189052.2956531936,79812.08621070687,0.08724655398390854,0.42216935761054125
2025-06-29 06:07:55.620,18094.011967197184,195707.27219523277,84090.56280558644,0.09245446918879459,0.42967520758094135
2025-06-29 06:08:12.850,18528.936113792894,197632.26853810804,83308.49174380553,0.09375460925916604,0.4215328415751183
2025-06-29 06:08:30.140,18229.516115396727,196608.0778728166,84413.36629787664,0.09272007698070871,0.42934841340793045
2025-06-29 06:08:47.410,18095.443222945923,196772.6169107249,83791.78047135426,0.09196118599752001,0.42583049301707626
2025-06-29 06:09:04.780,18444.714244995484,194912.25674288697,83880.50171803265,0.09463085879368947,0.43035006171357026
2025-06-29 06:09:22.230,18523.377933476426,195739.8927797202,83738.8337048344,0.09463261510172626,0.4278066801593254
2025-06-29 06:09:39.530,18026.97433644556,192754.2360876579,85154.45354234362,0.09352310331715627,0.4417773392208011
2025-06-29 06:09:56.920,17732.316297456855,194274.5785037048,83880.00136203459,0.09127450659798343,0.431760048113732
2025-06-29 06:10:14.180,18246.82021528379,195994.22656454635,84188.1745205627,0.09309876385197809,0.4295441554388705
2025-06-29 06:10:31.410,17771.4392104419,194650.02494606143,84494.95115722754,0.09129944481315355,0.43408651594389236
2025-06-29 06:10:48.710,17578.93762144416,194786.36616787183,84561.19929537375,0.09024726918666467,0.43412278261044596
2025-06-29 06:11:06.010,18186.65130350279,195767.84129069635,83962.07054485893,0.09289907465699317,0.4288859191136677
2025-06-29 06:11:23.270,17642.907966739032,194576.19067241385,83438.92994786713,0.09067351923053331,0.42882394633958026
2025-06-29 06:11:40.470,17737.579982261996,194879.38146058883,84167.61987166177,0.09101824856648126,0.4318959719639878
2025-06-29 06:11:57.780,17660.41573395348,193185.25640808576,84794.60376173201,0.09141699559436102,0.4389289604099567
2025-06-29 06:12:15.090,17781.04250117345,193635.8916517686,83334.04194946546,0.0918272038799014,0.43036464592696455
2025-06-29 06:12:32.330,17746.635872454153,194296.8015696691,82683.0696668097,0.09133776639185043,0.4255503384452882
2025-06-29 06:12:49.640,17355.06346613301,193698.96162443433,82825.32244608225,0.08959812340028435,0.42759817477325174
2025-06-29 06:13:06.920,16821.492594481566,191400.95897862635,83035.80114319743,0.08788614583879913,0.43383168812895023
2025-06-29 06:13:24.250,17325.388149628823,191865.4607342832,84101.33641318206,0.09029967188113634,0.43833494622388036
2025-06-29 06:13:41.510,17292.799384837206,192778.756845543,82196.59137269446,0.08970282653442171,0.4263778474230514
2025-06-29 06:13:58.750,17234.53989171894,192246.69112486215,84190.2970453544,0.08964804434800541,0.4379284582363694
2025-06-29 06:14:16.020,17431.669445058906,193299.99778047972,83606.06253450835,0.09017935667467054,0.4325197283729677
2025-06-29 06:14:33.310,17285.52327844318,192108.5830351195,84310.71726532688,0.08997788128645559,0.4388701219555296
2025-06-29 06:14:50.550,17496.84375245994,193214.96527521018,83886.39504463962,0.09055635896286764,0.4341609612130929
2025-06-29 06:15:07.800,17195.798379218366,192475.12474147844,83732.27797254716,0.08934036750107203,0.435029087966622
2025-06-29 06:15:25.060,16911.482990246972,190614.22204461676,83206.9041992196,0.08872099263552606,0.4365199160204504
2025-06-29 06:15:42.320,16803.820721277112,192769.34893808744,84639.77027451222,0.08717060473485372,0.43907276100048637
2025-06-29 06:15:59.520,17245.80505342079,192511.2152094801,84366.78085458842,0.08958337847826088,0.4382434590254138
2025-06-29 06:16:16.720,17147.567943602735,191737.94762203182,83573.85419698607,0.0894323119459133,0.43587539782022233
2025-06-29 06:16:33.960,17059.387901058362,190949.35221628213,83668.23742115434,0.08933985741798038,0.43816978926634975
2025-06-29 06:16:51.250,16862.16289670998,193645.80661141503,84103.51848898141,0.08707734596363828,0.4343162393273518
2025-06-29 06:17:08.480,17448.88947068189,191303.93356613792,83197.36634859157,0.09121030156261492,0.4348962658409135
2025-06-29 06:17:25.660,17222.584455922304,191670.94400645286,83464.82444296512,0.08985495712559585,0.4354589313242761
2025-06-29 06:17:42.910,16930.120839705764,195202.2586125104,82106.69537621274,0.0867311728872625,0.4206236954419674
2025-06-29 06:18:00.370,16658.183007236872,188474.7152557508,81165.02269970815,0.08838417919683575,0.43064143956695333
2025-06-29 06:18:17.610,16356.293960181873,192100.32269751286,82712.00163232844,0.0851445418232691,0.43056669801939546
2025-06-29 06:18:34.850,16472.88702933625,191928.8274170588,83928.86894482405,0.08582810227637604,0.4372916256214483
2025-06-29 06:18:52.070,17479.52565783581,190387.49082856905,82245.54078728012,0.0918102632781422,0.43199025539622565
2025-06-29 06:19:09.400,16874.13728627198,191408.1804899452,81896.22686115078,0.08815786892221354,0.427861686222198
2025-06-29 06:19:26.680,16936.63998736732,188246.54570580172,82731.11542728059,0.0899705220293205,0.43948278103639504
2025-06-29 06:19:43.950,16714.207980416897,189635.99614783606,82398.23815957879,0.08813837203874979,0.4345073711393006
2025-06-29 06:20:01.180,16214.317304865937,191772.78222973668,83681.87833873075,0.08454962751409523,0.4363595154941381
2025-06-29 06:20:18.460,15965.172616050633,192871.80922359898,82543.95554112489,0.0827760815866148,0.42797314897083033
2025-06-29 06:20:35.740,16297.733407132306,194656.6899670419,84156.91693312103,0.08372552420310722,0.43233508669735404
2025-06-29 06:20:52.990,16796.70412100739,188804.72709752023,82553.65185115323,0.0889633664327253,0.4372435643971623
2025-06-29 06:21:10.240,16474.605882602555,191605.87529150335,83903.2529091833,0.08598173650749795,0.4378949903364677
2025-06-29 06:21:27.660,16616.408519492754,191120.8925998342,82731.97028205678,0.08694187377140353,0.4328776888630362
2025-06-29 06:21:45.020,16158.815390792413,195777.1956260563,82773.34176762079,0.08253675990770915,0.4227935817699718
2025-06-29 06:22:02.410,16875.173260530963,194316.6453370959,82890.5418976479,0.08684368357253344,0.4265745827067535
2025-06-29 06:22:19.760,16542.659012086813,191607.3721939836,83627.40634903377,0.0863362344708689,0.43645192453435067
2025-06-29 06:22:37.060,16447.490952705797,191883.81031054017,84903.5673666725,0.08571588674462724,0.44247384513194
2025-06-29 06:22:54.390,16262.111157467516,193680.24185689207,82836.17713562322,0.08396370740533972,0.4276955477824622
2025-06-29 06:23:11.780,17018.205906690928,192078.18225895218,82837.50495471121,0.08860041107504682,0.4312697255903483
2025-06-29 06:23:29.100,15802.343460151082,190786.48957090516,82611.85052209417,0.0828273715591281,0.4330068167190201
2025-06-29 06:23:46.500,16176.662547849519,190493.24230486463,83342.21758610604,0.08491987617051765,0.4375074757388269
2025-06-29 06:24:03.880,16513.80985011492,191615.03702724993,82482.20026843683,0.08618222299415083,0.4304578677544335
2025-06-29 06:24:21.190,16279.024342952995,190287.26540568602,82056.65581597823,0.08554973086741598,0.43122515656019444
2025-06-29 06:24:38.580,16290.879326113441,190185.8969846773,81484.68970588212,0.08565766223678482,0.4284475925806796
2025-06-29 06:24:55.920,16131.308303422808,192714.14511133145,82696.144677249,0.08370588621869822,0.42911299857867324
2025-06-29 06:25:13.220,15978.76144598125,191978.60888821853,83842.73461896849,0.08323198891020742,0.4367295664059466
2025-06-29 06:25:30.560,16415.188680910847,191508.0909922291,82548.07046268303,0.08571537941745205,0.43104220837349694
2025-06-29 06:25:47.870,15993.824459255447,191138.16611159232,82191.03474530343,0.08367677049866515,0.430008492899936
2025-06-29 06:26:05.200,16128.10682517523,190947.7818935108,81669.83586253684,0.08446344160294919,0.42770769606573955
2025-06-29 06:26:22.560,16102.41009811572,190695.83065069403,82603.68728874484,0.08444028400186272,0.43316986536561286
2025-06-29 06:26:39.860,15392.692036556407,190631.71544804424,81960.28653683241,0.08074570383201327,0.42994045531301056
2025-06-29 06:26:57.160,16231.994008394868,193867.19867031832,83821.64194255727,0.08372738719972043,0.4323662925831023
2025-06-29 06:27:14.570,16594.44185288501,192562.24214125797,83452.55660507924,0.08617702862387643,0.43337964741738366
2025-06-29 06:27:31.880,15807.126766943493,192287.59173619165,81533.24494600153,0.08220565156710699,0.42401719325634285
2025-06-29 06:27:49.180,15642.348976564364,188460.785255708,82365.4712024934,0.08300055077951872,0.43704302245550974
2025-06-29 06:28:06.520,15907.508974580764,189808.48621000932,81930.02259990238,0.08380820737899074,0.43164573005051393
2025-06-29 06:28:23.870,15986.843627368584,192226.0074840599,81863.82172978517,0.08316691293031342,0.42587276717263983
2025-06-29 06:28:41.200,15781.48909716204,190725.67807799336,82721.26781732058,0.08274443827489512,0.43371856716374296
2025-06-29 06:28:58.580,15838.256020378081,190249.10791166002,83553.60500269227,0.0832500934918044,0.4391800094089767
2025-06-29 06:29:15.780,15783.412554388473,189175.5095503414,82965.08780640979,0.08343264195193488,0.4385614607494
2025-06-29 06:29:33.140,15867.804053326185,192853.43519569834,82784.1980281487,0.08227908430681727,0.4292596496616371
2025-06-29 06:29:50.500,16205.319816190258,191414.82757923822,84504.74878658952,0.0846607340775724,0.4414744137394888
2025-06-29 06:30:07.860,16257.557122521044,192619.10786356695,82648.23186028408,0.08440261873726645,0.42907597681754517
2025-06-29 06:32:53.810,15065.320406378774,187684.0599615528,80927.75773581561,0.08026957861773086,0.43119142751064593
2025-06-29 06:33:11.220,14933.174872835378,186311.339637372,81157.39049531173,0.0801517229273357,0.4356009175462579
2025-06-29 06:33:28.610,15395.666797352053,186391.65800274492,80764.60680624195,0.08259847550218866,0.43330590902867855
2025-06-29 06:33:45.950,15213.878582002457,184287.13005210494,79695.14168442339,0.08255529606273057,0.4324509349181929
2025-06-29 06:34:03.260,14852.2117278572,188155.9950951402,81214.40809078999,0.07893562849457572,0.4316333797906588
2025-06-29 06:34:20.560,15415.596806488807,186106.78564754888,81864.57710087782,0.08283199751610905,0.43987959286940714
2025-06-29 06:34:37.900,15200.86208099309,187555.82531079772,80665.9116707171,0.08104713386429788,0.43009014269242807
2025-06-29 06:34:55.290,15488.634252806292,187288.85138441937,80584.95881379762,0.08269917903984111,0.4302709863300572
2025-06-29 06:35:12.660,15335.187630782246,188212.780335431,79891.38373906437,0.08147792941293372,0.4244737450702483
2025-06-29 06:35:30.010,15161.945426738694,187887.4307723532,81489.36842834548,0.08069696500937894,0.43371378326567805
2025-06-29 06:35:47.320,15297.638821222587,188119.1940209677,81947.49462108943,0.08131886222900528,0.4356147444048457
2025-06-29 06:36:04.710,14903.459502309994,185445.15111261248,81394.3514214759,0.08036586242829177,0.43891334409735405
2025-06-29 06:36:21.970,15496.255626282546,187583.73202365232,81490.96132934414,0.08260980554714964,0.4344244591480299
2025-06-29 06:36:39.240,15331.515221000605,188710.50143929652,81172.35004244071,0.08124357205384446,0.4301421988884484
2025-06-29 06:36:56.650,16143.997801933714,189452.7700464108,81082.81002663902,0.08521383877353111,0.42798429395767573
2025-06-29 06:37:13.920,15914.342667846257,189171.24376756264,80838.32872798466,0.08412664816752187,0.4273288429995832
2025-06-29 06:37:31.290,14936.554945940814,188073.93784349458,80849.65196588704,0.0794185261243918,0.4298822733916804
2025-06-29 06:37:48.610,14441.977878827118,186398.959013835,80420.91551695748,0.07747885479207638,0.43144508929896136
2025-06-29 06:38:05.930,15225.45524383882,186748.78436812575,80325.73313853766,0.08152907284165165,0.43012720757633827
2025-06-29 06:38:23.240,15294.732242547128,187432.06802408825,81695.69087145093,0.08160146982202368,0.43586826807540546
2025-06-29 06:38:40.570,15760.52956948182,186997.1953066303,80731.60809281385,0.08428217088303572,0.4317263045599881
2025-06-29 06:38:57.870,15771.806886156435,187176.050539305,80911.86305266849,0.08426188521829357,0.43227679406387437
2025-06-29 06:39:15.200,15634.197307187169,187015.2730585151,78677.03917823157,0.0835985053600162,0.42069846965715124
2025-06-29 06:39:32.570,15111.150223991172,186863.64250755636,79959.8936983335,0.08086725711439618,0.4279050361286846
2025-06-29 06:39:49.920,15676.555226160075,187249.17616244178,80251.23980915875,0.08372028944234394,0.42857993532393146
2025-06-29 06:40:07.200,15186.996998227987,185666.3563846663,80866.49848876777,0.08179724799878844,0.4355473983731731
2025-06-29 06:40:24.590,15255.16787193672,189618.43388520583,81179.29608149464,0.08045192421097692,0.42811922036356564
2025-06-29 06:40:41.900,15768.28138520633,185352.91945365176,81536.95591038589,0.0850716645396527,0.43990111486091016
2025-06-29 06:40:59.220,15120.618155616656,187973.5243465358,81900.11807589019,0.0804401481973667,0.4357002847108641
2025-06-29 06:41:16.610,15042.058305851497,187154.1981752665,81419.88344945858,0.08037254014342164,0.43504171556552707
2025-06-29 06:41:33.980,15574.37205618737,187851.13780776254,80866.92693076724,0.08290805282279101,0.4304840943445464
2025-06-29 06:41:51.300,15331.056500852494,185531.64096501388,80443.70494034889,0.0826331100243085,0.433584829638403
2025-06-29 06:42:08.680,15506.090917597532,188055.28881220424,80760.63143580256,0.08245495787721356,0.42945152963207395
2025-06-29 06:42:25.960,15462.201034288188,187479.63753402297,80601.1475599911,0.08247402884743778,0.4299194761637192
2025-06-29 06:42:43.230,15719.879437712261,187968.67274539004,80807.1428435256,0.08363031566970403,0.42989686346821004
2025-06-29 06:43:00.510,15688.49216298497,188505.02348587554,81131.01554691157,0.08322585718337894,0.43039179564883384
